customer_id,name,email,phone,city,join_date
CUST-10000,Ronith Kalla,tanmayi93@example.com,07444287376,Sharjah,2024-03-09
CUST-10001,Ira Bhalla,kalakamya@example.org,06810558425,Abu Dhabi,2025-05-08
CUST-10002,Sara Tara,oviyabawa@example.net,02540476297,Sharjah,2025-06-06
CUST-10003,Pooja Vaidya,okaur@example.org,+917167193410,Sharjah,2024-09-28
CUST-10004,Rachita Edwin,harshsharaf@example.net,8814530213,Abu Dhabi,2025-03-23
CUST-10005,Amaira Talwar,vkrishna@example.com,+919068240964,Sharjah,2024-10-20
CUST-10006,Girik Bains,benjaminnagy@example.org,+910008749716,Sharjah,2024-09-16
CUST-10007,Harrison Ramachandran,samarth69@example.net,4962050515,Abu Dhabi,2025-01-30
CUST-10008,Yutika Pai,chandrapanini@example.com,04117563763,Abu Dhabi,2024-05-22
CUST-10009,Atharv Bhalla,teerthsani@example.net,8543241932,Abu Dhabi,2024-03-30
CUST-10010,Farhan Yohannan,natarajanshravya@example.com,06180745330,Ajman,2025-05-24
CUST-10011,Balendra Hari,lakshgandhi@example.com,+916243239572,Sharjah,2024-08-05
CUST-10012,Dayamai Manda,ckumer@example.net,0866925151,Dubai,2024-04-08
CUST-10013,Libni Maharaj,qwason@example.com,03568011058,Dubai,2024-10-30
CUST-10014,Yashica Nanda,qchhabra@example.com,+917147380395,Sharjah,2024-12-02
CUST-10015,Charvi Gill,dchhabra@example.net,3294957283,Sharjah,2025-12-05
CUST-10016,Azaan Sodhi,tamannaparikh@example.com,04505788558,Abu Dhabi,2024-12-03
CUST-10017,Ayushman Ranganathan,atharv28@example.net,04585177216,Sharjah,2024-09-24
CUST-10018,Neelima Menon,falanramakrishnan@example.net,+916632548492,Ajman,2025-04-03
CUST-10019,Anthony Bumb,ztalwar@example.com,3075411826,Dubai,2025-09-16
CUST-10020,Amrita Tara,shravya81@example.net,+917932837790,Sharjah,2025-01-16
CUST-10021,Yashvi Behl,nchar@example.org,+912836295319,Dubai,2025-04-14
CUST-10022,Ekaja Ganesh,pgala@example.com,+914530067719,Abu Dhabi,2024-07-05
CUST-10023,Samaksh Ratti,reyanshcontractor@example.net,4518928616,Abu Dhabi,2026-01-13
CUST-10024,Agastya Suresh,dhillonalexander@example.net,02418255831,Sharjah,2025-01-24
CUST-10025,Ekavir Sarraf,michael23@example.org,07365092959,Sharjah,2024-11-21
CUST-10026,Chasmum Bajaj,balayaashi@example.com,+913837653407,Sharjah,2025-07-24
CUST-10027,Devika Prakash,rpalla@example.net,+913980566448,Dubai,2024-06-01
CUST-10028,Balhaar Magar,krishna90@example.net,9450620767,Sharjah,2024-05-19
CUST-10029,Udant Mangal,chakrabartijagrati@example.org,08024109535,Abu Dhabi,2024-05-29
CUST-10030,Ijaya Khatri,daraazad@example.net,0096863672,Ajman,2025-02-23
CUST-10031,Max Sunder,ekanisrinivas@example.org,+910206619803,Ajman,2024-06-19
CUST-10032,Chaitaly Bhat,bhallatriya@example.com,7426672827,Ajman,2024-06-10
CUST-10033,Anthony Purohit,jaggigautam@example.net,3762830273,Sharjah,2025-04-12
CUST-10034,Megha Sarna,cvasa@example.org,00961653296,Dubai,2024-03-05
CUST-10035,Odika Bhatia,bajwayashica@example.org,+910998206032,Abu Dhabi,2025-08-08
CUST-10036,Bakhshi Tella,varmagaurang@example.com,+915613746245,Abu Dhabi,2025-05-04
CUST-10037,Gautami Jani,gadebakhshi@example.org,+915204013320,Sharjah,2024-09-24
CUST-10038,Arjun Sankar,ybasak@example.com,06731214434,Abu Dhabi,2024-12-18
CUST-10039,Harinakshi Bath,sankaranupasna@example.com,7316391858,Sharjah,2025-10-09
CUST-10040,Patrick Agarwal,sanyasaraf@example.com,+917946411069,Dubai,2024-05-23
CUST-10041,Zilmil Bhakta,fkeer@example.com,03757760169,Abu Dhabi,2025-02-16
CUST-10042,Anmol Saini,ria00@example.org,09184167896,Ajman,2024-06-18
CUST-10043,Omkaar Suri,oeshiganesh@example.org,01394696226,Dubai,2026-02-17
CUST-10044,Radhika Krish,balendra43@example.org,1740207798,Dubai,2025-07-10
CUST-10045,Jagdish Vohra,darshmann@example.net,04122375514,Sharjah,2025-07-17
CUST-10046,Indira Kale,ronith00@example.org,02319177417,Ajman,2024-12-18
CUST-10047,Lila Bava,abhimanyu76@example.net,+913595579330,Abu Dhabi,2025-06-10
CUST-10048,Zayan Sachdev,sarthakhegde@example.com,5684126575,Abu Dhabi,2024-06-07
CUST-10049,Devika Amble,jeevika92@example.org,7502239095,Sharjah,2024-07-08
CUST-10050,Vyanjana Bobal,osha56@example.org,+911426862068,Dubai,2024-10-26
CUST-10051,Tamanna Chawla,theodore45@example.com,+914640845058,Ajman,2025-11-13
CUST-10052,Lakshit Zacharia,advik64@example.com,+918792487021,Abu Dhabi,2024-08-28
CUST-10053,Chavvi Mallick,bhardwajurmi@example.com,+918987154306,Sharjah,2025-01-25
CUST-10054,Yuvraj Rajagopalan,bkaul@example.com,7042705564,Abu Dhabi,2025-12-21
CUST-10055,Wakeeta Mittal,mananagarwal@example.net,5138505943,Abu Dhabi,2024-11-15
CUST-10056,Ryan Bhasin,agastyamane@example.com,0659871324,Sharjah,2024-08-07
CUST-10057,Pranit Bose,sanghachampak@example.org,04463192198,Sharjah,2025-11-28
CUST-10058,Ikshita Lad,zachariahtara@example.com,5237941363,Abu Dhabi,2026-01-22
CUST-10059,Gabriel Merchant,xiti74@example.net,01370069358,Sharjah,2025-03-06
CUST-10060,Xiti Boase,rachana60@example.com,5356097851,Ajman,2024-11-23
CUST-10061,Ganga Sachdeva,hegdeaadi@example.com,+919010420278,Dubai,2025-11-24
CUST-10062,Ayush Agarwal,yashodharaiyengar@example.org,1012203605,Abu Dhabi,2024-06-06
CUST-10063,George Varkey,jonathantiwari@example.org,+912553973256,Abu Dhabi,2024-03-12
CUST-10064,Naveen Sinha,vivaan81@example.org,09377766599,Sharjah,2026-02-22
CUST-10065,Oni Mahajan,rishidalia@example.net,7895186500,Sharjah,2025-01-21
CUST-10066,Dipta Singh,munshiyug@example.org,+914912192893,Abu Dhabi,2024-07-28
CUST-10067,Anjali Chaudry,jagdishnadig@example.com,08304073157,Sharjah,2024-03-02
CUST-10068,Ranveer Tata,simon65@example.org,5650079064,Abu Dhabi,2024-08-23
CUST-10069,Vinaya Dave,thakurumang@example.com,1357475020,Abu Dhabi,2025-04-19
CUST-10070,Samaksh Solanki,hritik77@example.com,06392095437,Ajman,2025-07-19
CUST-10071,Yutika Kothari,dalajashan@example.org,5056304970,Abu Dhabi,2024-05-02
CUST-10072,Bina Kulkarni,rudraaggarwal@example.com,0417115649,Abu Dhabi,2024-08-25
CUST-10073,Veer Kota,slata@example.org,02002843460,Sharjah,2024-08-13
CUST-10074,Diya Bhakta,vsuresh@example.net,02365728260,Abu Dhabi,2024-10-03
CUST-10075,Fiyaz Amble,nigamyug@example.com,1398787828,Ajman,2025-10-04
CUST-10076,Kala Sandal,ilad@example.com,02140675902,Dubai,2025-03-01
CUST-10077,Ikshita Bajwa,chamanoommen@example.com,00164389431,Dubai,2024-05-29
CUST-10078,Girindra Ahuja,ubikamorar@example.net,+918451006834,Abu Dhabi,2025-02-16
CUST-10079,Chakradev Upadhyay,borabhavini@example.org,8712361072,Dubai,2024-08-27
CUST-10080,Bachittar Mistry,chandjai@example.com,08936531261,Dubai,2024-11-30
CUST-10081,Yatan Chaudhary,gargvasudha@example.com,5041891352,Abu Dhabi,2025-09-14
CUST-10082,Sai Kannan,gangaraju@example.net,5359309618,Ajman,2024-05-11
CUST-10083,Dalbir Randhawa,gaurikasahota@example.org,+912247205172,Ajman,2024-12-25
CUST-10084,Varenya Bali,theodoregopal@example.net,+913297727660,Sharjah,2024-11-20
CUST-10085,Devansh Lad,mdhawan@example.org,9001497822,Dubai,2025-10-27
CUST-10086,Hamsini Bala,sjoshi@example.org,02435799177,Dubai,2024-06-29
CUST-10087,Vedika Kibe,kalpitchaudhry@example.com,08923733423,Sharjah,2024-05-01
CUST-10088,Bimala Setty,haritagandhi@example.com,+912166602875,Ajman,2025-01-26
CUST-10089,Veda Chand,boravanya@example.com,09181336042,Ajman,2024-11-11
CUST-10090,Nitara Mane,ybiswas@example.net,+912721062895,Ajman,2024-10-06
CUST-10091,Vihaan Nagi,senrayaan@example.com,+914137576394,Sharjah,2025-12-22
CUST-10092,Upma Tara,rdass@example.net,+917446742501,Abu Dhabi,2025-01-04
CUST-10093,Dalbir More,khannasaumya@example.org,+911950662690,Abu Dhabi,2025-01-05
CUST-10094,Madhav Wadhwa,xalak40@example.org,9391424509,Dubai,2025-11-28
CUST-10095,Max Garg,berasara@example.net,+915646922153,Abu Dhabi,2025-12-28
CUST-10096,Indali Bhakta,dashtara@example.com,7211821190,Dubai,2025-10-06
CUST-10097,Elijah Chaudhary,ishapurohit@example.org,5491362397,Ajman,2024-12-06
CUST-10098,Thomas Mander,behldarsh@example.org,1209506541,Sharjah,2024-09-13
CUST-10099,Janya Ravi,lsen@example.com,+915924567059,Abu Dhabi,2025-01-12
CUST-10100,Yashica Saxena,pgade@example.net,02583229958,Sharjah,2025-06-26
CUST-10101,Jhalak Madan,ishaankrish@example.net,02429101271,Sharjah,2026-01-10
CUST-10102,Tristan Khurana,ozamaanas@example.org,01880349135,Ajman,2025-04-01
CUST-10103,Anvi Ramakrishnan,zvora@example.net,5779040251,Sharjah,2025-06-06
CUST-10104,Chanchal Manne,fbhandari@example.net,8425186453,Dubai,2026-01-12
CUST-10105,Farhan Samra,cpatel@example.net,08311061458,Sharjah,2024-10-21
CUST-10106,Hemangini Shankar,zinal21@example.org,9535184169,Abu Dhabi,2025-09-18
CUST-10107,Indira Randhawa,nchaudhuri@example.com,+913146534157,Sharjah,2025-04-01
CUST-10108,Atharv Mahajan,dev84@example.org,+917848687015,Abu Dhabi,2024-08-05
CUST-10109,Yatan Ramesh,etanayar@example.net,+919295436535,Sharjah,2024-10-16
CUST-10110,Devansh Srivastava,dyalanusha@example.org,08182322211,Sharjah,2026-01-23
CUST-10111,Tristan Dugar,sanghvichameli@example.net,7092018457,Dubai,2024-04-28
CUST-10112,Ria Gour,jai49@example.net,3894881574,Ajman,2025-03-31
CUST-10113,Pahal Narula,chasmum03@example.org,+914686633690,Abu Dhabi,2025-01-20
CUST-10114,Suhani Dhar,dugarxalak@example.com,+915713263551,Ajman,2024-03-10
CUST-10115,Orinder Menon,hegdesara@example.com,+919319055511,Abu Dhabi,2024-12-12
CUST-10116,Wridesh Doctor,diyasood@example.org,+918469004207,Sharjah,2025-09-10
CUST-10117,Sara Garde,aryan54@example.org,9488730929,Abu Dhabi,2025-01-04
CUST-10118,Dev Sama,cvig@example.net,+910584853996,Ajman,2024-05-06
CUST-10119,Upasna Nath,finnbassi@example.com,+911852333072,Sharjah,2025-09-02
CUST-10120,Avi Prasad,nihalramanathan@example.com,09863135479,Abu Dhabi,2025-12-12
CUST-10121,Isaiah Rajagopal,ladlakshit@example.net,5728665333,Sharjah,2025-12-20
CUST-10122,Vansha Goel,annelibni@example.org,9099727458,Sharjah,2025-12-02
CUST-10123,Lila Halder,awalla@example.org,+918659189606,Dubai,2025-06-16
CUST-10124,Dipta Aurora,ayaanbajaj@example.com,8378532483,Ajman,2024-09-03
CUST-10125,Riya Dara,pandeyaayush@example.net,6022866336,Sharjah,2024-03-04
CUST-10126,Nandini Vala,srivastavabhavya@example.org,+911285249518,Dubai,2024-03-24
CUST-10127,Bakhshi Sharaf,meghanakorpal@example.org,+918466236682,Abu Dhabi,2025-07-08
CUST-10128,Aishani Soni,bhavani73@example.com,+914354052869,Abu Dhabi,2024-07-01
CUST-10129,Forum Malhotra,suresheesha@example.org,07137615369,Abu Dhabi,2024-03-31
CUST-10130,Owen Dubey,lkapoor@example.com,+914646922718,Ajman,2024-06-19
CUST-10131,Harinakshi Solanki,aryanahluwalia@example.org,2308979647,Abu Dhabi,2025-08-26
CUST-10132,Onkar Brar,bhandaridarpan@example.com,06833614427,Abu Dhabi,2025-08-24
CUST-10133,Advay Rajagopalan,mistrygabriel@example.com,3741704848,Abu Dhabi,2024-08-10
CUST-10134,Ekapad Shetty,ranganathanmekhala@example.org,1521306767,Ajman,2025-11-01
CUST-10135,Garima Bobal,krajagopal@example.net,08453503552,Sharjah,2024-06-08
CUST-10136,Adya Sehgal,bde@example.org,09012709040,Abu Dhabi,2024-06-22
CUST-10137,Victor Hora,bhanumatidhaliwal@example.com,+916561679158,Sharjah,2024-04-22
CUST-10138,Lila Sandhu,vnarain@example.org,07656469843,Dubai,2025-10-28
CUST-10139,Chandran Agarwal,qbhatt@example.org,2868737009,Ajman,2024-10-20
CUST-10140,Chatura Dass,ekajamishra@example.com,02406649104,Abu Dhabi,2025-04-09
CUST-10141,Qarin Wable,inayadube@example.com,+918316032471,Ajman,2024-11-24
CUST-10142,Avi Dayal,swamyjack@example.org,+914285437298,Dubai,2025-01-20
CUST-10143,Imaran Bose,dadadivya@example.org,+918958264344,Sharjah,2024-09-27
CUST-10144,Chanchal Sachar,ramxiti@example.com,00597674298,Ajman,2025-02-03
CUST-10145,Yatin Khalsa,dekashvi@example.com,+919764048591,Abu Dhabi,2025-10-01
CUST-10146,Vanya Natt,balakrishnanekapad@example.org,03186915686,Sharjah,2024-07-01
CUST-10147,Aarnav Brar,jeevikadugal@example.net,8512294953,Abu Dhabi,2025-08-06
CUST-10148,Rachana Handa,urishilla45@example.net,9799805620,Abu Dhabi,2024-05-23
CUST-10149,Nilima Kanda,tmunshi@example.com,+913316816204,Abu Dhabi,2024-09-01
CUST-10150,Jackson Lata,hemanginikhare@example.com,+914901537651,Ajman,2024-07-08
CUST-10151,Raksha Sawhney,henrywali@example.org,2267726582,Sharjah,2024-09-26
CUST-10152,Diya Ahluwalia,pallavireddy@example.com,04021743080,Dubai,2025-02-25
CUST-10153,Azad Vasa,wakeetachaudhuri@example.com,6021510945,Abu Dhabi,2026-01-15
CUST-10154,Wahab Chopra,veda46@example.net,02933294206,Abu Dhabi,2025-05-25
CUST-10155,Pranav Banerjee,edwinnachiket@example.org,6242767051,Abu Dhabi,2024-04-05
CUST-10156,Samar Bahri,hemani21@example.com,+913789121841,Sharjah,2026-02-12
CUST-10157,Sachi Mohan,meeradin@example.net,8730379116,Sharjah,2026-01-01
CUST-10158,Pratyush Dutt,meghanasavant@example.org,07159578322,Ajman,2024-08-20
CUST-10159,Onveer Thaman,senguptaosha@example.net,06378618979,Abu Dhabi,2024-08-18
CUST-10160,Aarnav Chahal,joshua96@example.com,07441332287,Ajman,2024-07-31
CUST-10161,Hemani Borah,comarqabil@example.com,04207371129,Ajman,2025-02-03
CUST-10162,Abhimanyu Amble,eshana79@example.org,8225323494,Dubai,2025-06-26
CUST-10163,Wazir Vyas,hritik11@example.org,+910014841887,Abu Dhabi,2025-04-27
CUST-10164,Hemal Anne,ksibal@example.com,+911754387095,Ajman,2024-06-15
CUST-10165,Saumya Sachdeva,rkeer@example.com,04105772021,Abu Dhabi,2024-11-06
CUST-10166,Eshana Kashyap,cpingle@example.com,+911649629520,Dubai,2025-07-19
CUST-10167,Parth Sule,duttgeorge@example.net,9398598231,Dubai,2024-03-26
CUST-10168,Victor Sant,eeshakaul@example.net,4846859088,Abu Dhabi,2024-05-20
CUST-10169,Shivansh Mishra,henrykar@example.net,8244136767,Abu Dhabi,2024-12-04
CUST-10170,Vasatika Datta,zinal06@example.net,2219298481,Sharjah,2025-03-11
CUST-10171,Priya Datta,ridhivarghese@example.net,+919211684891,Ajman,2024-12-19
CUST-10172,Wahab Kapoor,rjain@example.net,+918056715419,Dubai,2024-09-16
CUST-10173,Alka Walla,igola@example.org,8378505226,Abu Dhabi,2025-05-08
CUST-10174,Irya Maharaj,fmitra@example.net,03869958715,Abu Dhabi,2024-11-22
CUST-10175,Yutika Bahl,jatin97@example.net,+912334839367,Abu Dhabi,2025-11-11
CUST-10176,Warda Subramaniam,george70@example.net,+916382425579,Sharjah,2025-02-14
CUST-10177,Tejas Hayer,surmegha@example.net,+919403111617,Ajman,2024-05-27
CUST-10178,Urvashi Sehgal,uravel@example.org,7968210567,Abu Dhabi,2025-07-21
CUST-10179,Kala Sundaram,frederickdugar@example.net,4681923914,Ajman,2024-09-06
CUST-10180,Irya Kota,harrisongarg@example.com,+917479998115,Sharjah,2025-08-29
CUST-10181,Hemani Pant,chaudharithomas@example.org,02286635267,Dubai,2025-11-24
CUST-10182,Upasna Salvi,pahalmajumdar@example.org,+919034091301,Abu Dhabi,2024-03-25
CUST-10183,Daksh Arora,xyogi@example.com,2083205336,Sharjah,2024-12-02
CUST-10184,Bhavna Gokhale,bimala27@example.org,05146061285,Ajman,2024-06-29
CUST-10185,Yug Mohan,duawarjas@example.net,06789332541,Ajman,2025-11-20
CUST-10186,Siddharth Warrior,darafariq@example.com,2854014817,Dubai,2024-10-27
CUST-10187,Faraj Chandran,manthansubramanian@example.com,03257433726,Ajman,2025-04-30
CUST-10188,Vedant Ramaswamy,vidhidewan@example.net,+913237242081,Ajman,2025-08-16
CUST-10189,Devansh Sarin,nagarlogan@example.net,9560018429,Ajman,2024-11-14
CUST-10190,Abhimanyu Chaudry,triyakapadia@example.net,+912952751966,Dubai,2024-12-27
CUST-10191,Bishakha Ravel,anay08@example.com,00726144056,Sharjah,2025-07-24
CUST-10192,Jonathan Johal,pshenoy@example.org,01358687130,Dubai,2025-01-29
CUST-10193,Chaitaly Varughese,abdulcontractor@example.com,06414433877,Dubai,2025-04-06
CUST-10194,Faraj Murty,ldass@example.net,2554620571,Sharjah,2025-10-21
CUST-10195,Madhav Borra,chanakya16@example.net,7070038933,Abu Dhabi,2024-07-31
CUST-10196,Abdul Mukhopadhyay,abdulsachar@example.net,3751330042,Abu Dhabi,2024-10-05
CUST-10197,Meghana Bobal,jhalak18@example.com,+911494400050,Sharjah,2024-06-24
CUST-10198,Raghav Kumer,karnikrachit@example.com,+912247619238,Abu Dhabi,2024-03-05
CUST-10199,Imaran Badal,ugour@example.net,00921648398,Sharjah,2024-10-25
CUST-10200,Ganga Shan,arjun89@example.org,02608801771,Ajman,2025-10-31
CUST-10201,Yamini Majumdar,agastyavig@example.net,+915016672260,Ajman,2025-05-29
CUST-10202,Ansh Purohit,xlanka@example.net,5477925070,Ajman,2025-07-25
CUST-10203,Nimrat Gandhi,umang59@example.org,+910945893492,Sharjah,2024-11-11
CUST-10204,Patrick Aggarwal,vjani@example.org,04345998964,Ajman,2024-12-16
CUST-10205,Guneet Savant,hchoudhry@example.net,7880547208,Sharjah,2025-02-18
CUST-10206,Maanav Sen,leelakota@example.com,09920804383,Sharjah,2025-03-03
CUST-10207,Chandran Pai,chauhanbina@example.org,+919579686494,Dubai,2024-07-10
CUST-10208,Ikbal Bora,wahab55@example.net,6822687685,Ajman,2024-08-31
CUST-10209,Farhan Raghavan,dhruvpanchal@example.com,00968346536,Dubai,2024-03-30
CUST-10210,Abhimanyu Agate,teerth53@example.net,09839347646,Ajman,2024-10-30
CUST-10211,Unni Bera,janaki87@example.org,+916807542381,Abu Dhabi,2024-12-23
CUST-10212,Girish Kapoor,sneha34@example.net,3136803408,Abu Dhabi,2024-07-15
CUST-10213,Ojas Doshi,kevinahluwalia@example.net,01870433625,Abu Dhabi,2025-09-05
CUST-10214,Advika Subramanian,fgole@example.org,+915599367770,Ajman,2025-11-13
CUST-10215,Chaman Jaggi,rishi53@example.org,+914201267804,Dubai,2024-07-01
CUST-10216,Baghyawati Varghese,luckynagarajan@example.com,+911788459997,Dubai,2025-01-08
CUST-10217,Simon Mishra,siddharthkhurana@example.net,2683888560,Abu Dhabi,2025-05-26
CUST-10218,Ikshita Narain,patelbalhaar@example.com,08843629738,Dubai,2024-07-30
CUST-10219,Rayaan Dube,sastryamruta@example.org,7214888397,Sharjah,2025-11-19
CUST-10220,Frado Pai,ggola@example.org,05446545960,Abu Dhabi,2025-09-27
CUST-10221,Nakul Som,tanveerdoshi@example.net,+914357153283,Abu Dhabi,2024-03-01
CUST-10222,Harshil Sem,xbora@example.org,+910583142742,Sharjah,2025-01-20
CUST-10223,Reyansh Nair,wrattan@example.com,+913728482316,Abu Dhabi,2026-02-06
CUST-10224,Eta Kamdar,arunima73@example.com,5832112298,Dubai,2026-01-30
CUST-10225,Sudiksha Balasubramanian,vyanjana97@example.com,+918501413143,Abu Dhabi,2025-12-27
CUST-10226,Kala Ramachandran,hredhaanvarghese@example.net,+910828098789,Sharjah,2025-07-01
CUST-10227,Farhan Aurora,ndey@example.com,+910627220625,Dubai,2025-06-18
CUST-10228,Chavvi Sule,charan63@example.org,5294035839,Abu Dhabi,2024-10-21
CUST-10229,Gabriel Sheth,vanshapillay@example.org,+915152738431,Abu Dhabi,2024-05-27
CUST-10230,Frederick Mannan,ryanwalia@example.net,2061858613,Sharjah,2024-06-18
CUST-10231,Aadhya Varughese,sbose@example.org,01525292363,Sharjah,2026-01-28
CUST-10232,Lekha Malhotra,parikhhemang@example.org,4203357588,Dubai,2025-10-25
CUST-10233,Ekiya Cherian,harshil28@example.org,+917535451211,Ajman,2024-03-17
CUST-10234,Lavanya Saxena,atikeer@example.net,+912588020395,Sharjah,2024-09-17
CUST-10235,Indira Dhar,ohanda@example.net,+919609673027,Dubai,2025-04-16
CUST-10236,Hitesh Sha,kapadiaijaya@example.net,8644196861,Sharjah,2024-10-26
CUST-10237,Mason Choudhary,dasguptatarak@example.org,06923397476,Ajman,2024-11-19
CUST-10238,Yagnesh Gupta,khalsakabir@example.net,02927969730,Abu Dhabi,2025-09-21
CUST-10239,Mohini Bobal,isaiah31@example.com,+915757703860,Dubai,2024-12-24
CUST-10240,Tanmayi Singh,oliver72@example.org,9896790536,Ajman,2024-11-10
CUST-10241,Ekiya Dugal,ektabaral@example.com,7480288716,Ajman,2024-10-17
CUST-10242,Saumya Minhas,khuranaadya@example.org,08676536054,Abu Dhabi,2025-01-01
CUST-10243,Vamakshi Ramaswamy,xmann@example.com,+912357508103,Dubai,2024-06-29
CUST-10244,Urvashi Rajagopal,jagrawal@example.net,06201621849,Abu Dhabi,2026-02-03
CUST-10245,Balvan Viswanathan,champaktara@example.org,1712056869,Ajman,2025-07-19
CUST-10246,Vincent Varty,dravel@example.net,+916395004548,Ajman,2025-10-05
CUST-10247,Omya Thakur,yasti20@example.org,5505575214,Abu Dhabi,2025-02-19
CUST-10248,Ekbal Lad,xaviertripathi@example.org,1071147071,Abu Dhabi,2025-07-25
CUST-10249,Tanvi Ranganathan,fagarwal@example.net,+914615630952,Sharjah,2024-10-20
CUST-10250,Shaurya Dhillon,imand@example.org,06449687675,Ajman,2026-01-05
CUST-10251,Ranveer Zachariah,lila37@example.net,06027863501,Abu Dhabi,2024-12-05
CUST-10252,Simon Gulati,akonda@example.com,0145126362,Abu Dhabi,2024-05-13
CUST-10253,Abhiram Mallick,aadhyasachdeva@example.net,+914516430631,Sharjah,2025-05-22
CUST-10254,Nicholas Subramaniam,pushti53@example.org,5411026580,Sharjah,2026-01-08
CUST-10255,Baghyawati Bhattacharyya,vmuni@example.net,5373332246,Sharjah,2025-09-10
CUST-10256,Ganga Zachariah,gkumer@example.com,2961831983,Abu Dhabi,2026-02-08
CUST-10257,Rachana Dalal,prabhuharsh@example.net,4726140317,Dubai,2025-02-24
CUST-10258,Idika Tandon,pranit05@example.net,06103314205,Ajman,2024-05-30
CUST-10259,Pooja Gopal,gaganrandhawa@example.org,6359361005,Ajman,2024-05-11
CUST-10260,Jairaj Gala,wiyer@example.com,4814288464,Ajman,2024-10-30
CUST-10261,Shravya Chana,zayyansagar@example.net,+917828653166,Abu Dhabi,2025-07-20
CUST-10262,Abdul Chakraborty,kandatheodore@example.net,8907408047,Abu Dhabi,2026-02-22
CUST-10263,Hamsini Nagy,atharvmitter@example.com,01993197393,Ajman,2025-09-24
CUST-10264,Raksha Kumar,zarya@example.net,5394359842,Abu Dhabi,2025-10-20
CUST-10265,Orinder Thakkar,abduldube@example.net,05390828012,Dubai,2024-12-18
CUST-10266,Ati Karan,balasubramaniannidra@example.net,+919357553508,Sharjah,2026-02-23
CUST-10267,Lakshmi Sur,mohini93@example.org,05486033202,Abu Dhabi,2024-11-21
CUST-10268,Warhi Chakrabarti,ramaswamyaarna@example.com,0750953526,Sharjah,2024-06-14
CUST-10269,Luke Morar,karan66@example.com,+912250252709,Dubai,2025-09-11
CUST-10270,Devansh Saxena,rbahri@example.net,+911839679228,Ajman,2025-05-31
CUST-10271,Rajata Ben,kpandit@example.org,+911832511658,Dubai,2024-10-26
CUST-10272,Adya Rege,aachalsethi@example.net,0577313775,Dubai,2025-09-26
CUST-10273,Praneel Lanka,avniparmer@example.com,7566876024,Abu Dhabi,2025-09-14
CUST-10274,Anusha Keer,kavyagera@example.net,+916199908076,Abu Dhabi,2025-03-26
CUST-10275,Ganga Choudhury,upai@example.net,+913421965250,Sharjah,2025-09-13
CUST-10276,Gavin Chhabra,omisha50@example.com,9330553263,Ajman,2024-10-26
CUST-10277,Yamini Mane,noahgaba@example.net,08445626297,Dubai,2025-09-12
CUST-10278,Upasna Hayre,bhagatunnati@example.com,01414102773,Dubai,2024-05-20
CUST-10279,Meera Amble,indrajitmutti@example.com,7570404177,Abu Dhabi,2024-08-24
CUST-10280,Ekta Parsa,gaurangi37@example.org,8100376704,Sharjah,2025-08-16
CUST-10281,Ekansh Ratti,ukohli@example.net,1418772850,Ajman,2025-06-11
CUST-10282,Aahana Purohit,qushi45@example.net,2016826448,Sharjah,2024-08-12
CUST-10283,Bhavya Khosla,nitara98@example.com,+916388437509,Abu Dhabi,2025-06-22
CUST-10284,Ekantika Raj,warhi91@example.org,6272373384,Abu Dhabi,2024-09-07
CUST-10285,Vanya Wadhwa,xavierghosh@example.org,04466777957,Sharjah,2024-12-27
CUST-10286,Ekta Bahl,georgechacko@example.org,4771722722,Dubai,2025-10-14
CUST-10287,Dayita Patla,wkari@example.com,03374798398,Abu Dhabi,2025-11-21
CUST-10288,Mitali Manne,krishna82@example.net,02072770805,Dubai,2025-11-22
CUST-10289,Yashawini Chowdhury,hpadmanabhan@example.net,9061118786,Abu Dhabi,2025-11-12
CUST-10290,Eta Lad,mitalwatika@example.net,+917680974014,Ajman,2024-08-04
CUST-10291,Mahika Borah,ekta11@example.net,+915128209184,Ajman,2024-07-08
CUST-10292,Jairaj Peri,hardiksachdev@example.net,05768591612,Abu Dhabi,2024-08-10
CUST-10293,Simon Mani,teerthdhawan@example.org,9340125189,Dubai,2025-10-22
CUST-10294,Frederick Garg,jasmitnayak@example.com,4361798748,Sharjah,2024-04-27
CUST-10295,Pushti Purohit,gdugal@example.org,4486978445,Sharjah,2025-11-01
CUST-10296,Damini Chand,noahwason@example.org,3065282122,Dubai,2025-01-18
CUST-10297,Matthew Dash,guptakabir@example.net,+919594824770,Ajman,2025-07-22
CUST-10298,Samar Ghosh,christopher39@example.net,05326103757,Abu Dhabi,2025-12-12
CUST-10299,Sai Bhatia,caleb79@example.net,00293334205,Dubai,2024-03-13
CUST-10300,Charles Lalla,varsha61@example.org,07832220158,Ajman,2024-07-24
CUST-10301,Sneha Chad,cdhawan@example.com,03004868276,Dubai,2026-01-13
CUST-10302,Yatan Sane,behlabhiram@example.net,08742465352,Dubai,2024-04-14
CUST-10303,Tara Mander,dkadakia@example.com,1299435290,Sharjah,2025-04-18
CUST-10304,Baghyawati Hayer,tristan42@example.com,06359366934,Dubai,2025-03-05
CUST-10305,Ishaan Kale,parmermadhav@example.com,6419264581,Dubai,2024-08-04
CUST-10306,Turvi Ratta,dmukhopadhyay@example.net,+912727227416,Abu Dhabi,2025-05-17
CUST-10307,Sara Tella,upadhriti62@example.com,04438455754,Sharjah,2025-06-19
CUST-10308,Aarav Biswas,mgour@example.com,08351672736,Abu Dhabi,2024-08-29
CUST-10309,Xavier Brar,yashicacomar@example.com,+918429543783,Abu Dhabi,2024-08-17
CUST-10310,Neelima Arya,vorajonathan@example.net,07562764850,Sharjah,2025-07-26
CUST-10311,Ekanta Rajan,kapoorfrederick@example.org,+913968818066,Sharjah,2025-12-07
CUST-10312,Yashasvi Vaidya,hegdekashish@example.com,1604807370,Ajman,2025-06-12
CUST-10313,Leena Gokhale,iminhas@example.com,3515102734,Dubai,2025-10-27
CUST-10314,Kamya Pillay,sarthak91@example.com,+911390110668,Sharjah,2024-05-07
CUST-10315,Januja Sarma,sanya80@example.org,8104400400,Abu Dhabi,2025-12-15
CUST-10316,Dhruv Shetty,virajnarayanan@example.net,04516123208,Dubai,2025-05-25
CUST-10317,Ubika Srivastava,lsha@example.com,04717193364,Ajman,2025-10-17
CUST-10318,Neel Kapoor,neelima87@example.net,+916538617454,Abu Dhabi,2025-08-07
CUST-10319,Adweta Kibe,lila77@example.com,+917120850115,Dubai,2024-08-11
CUST-10320,Ucchal Bose,ikapoor@example.net,6641680139,Sharjah,2024-10-09
CUST-10321,Tara Madan,daraaarush@example.com,+913788516136,Dubai,2025-03-14
CUST-10322,Yasti Brar,aayush78@example.com,00812970506,Sharjah,2024-06-29
CUST-10323,Yochana Oommen,christopher07@example.net,04946137248,Dubai,2025-12-29
CUST-10324,Rayaan Chad,devikajhaveri@example.net,02982387326,Ajman,2024-07-31
CUST-10325,Idika Sathe,deepasehgal@example.org,04599398804,Dubai,2025-08-21
CUST-10326,Faqid Rattan,shroffharini@example.net,05010098004,Abu Dhabi,2024-11-01
CUST-10327,Benjamin Sant,ati36@example.net,06460289195,Sharjah,2024-12-28
CUST-10328,Aarna Tandon,yogiyashvi@example.net,02862570373,Dubai,2024-07-18
CUST-10329,Yatan Kar,rajata10@example.com,01616390008,Abu Dhabi,2025-10-23
CUST-10330,Daksh Dugal,vincent70@example.org,04970909387,Ajman,2025-05-03
CUST-10331,Laban Anne,rajeshribansal@example.org,+917727850722,Abu Dhabi,2024-05-22
CUST-10332,Bhavani Banik,chaudryrushil@example.net,05854098899,Ajman,2025-01-25
CUST-10333,Chatura Handa,varughesegabriel@example.org,6404964559,Sharjah,2025-07-05
CUST-10334,Barkha Bansal,aadishan@example.com,+918237522703,Dubai,2025-10-03
CUST-10335,Irya Sachar,waidavora@example.com,+911868686984,Dubai,2024-07-02
CUST-10336,Yashodhara Mammen,dayaltriya@example.net,09979862719,Ajman,2024-11-30
CUST-10337,Mahika Chaudry,neelimapillai@example.com,+916207421622,Abu Dhabi,2025-09-30
CUST-10338,Yachana Garg,kadakiawakeeta@example.com,1533687647,Ajman,2024-05-20
CUST-10339,Dayita Raman,revawadhwa@example.org,4041605312,Sharjah,2025-01-30
CUST-10340,Daniel Mall,daminidugar@example.org,08104649576,Ajman,2024-10-03
CUST-10341,Arunima Khurana,bariawarjas@example.org,07548023536,Dubai,2025-05-22
CUST-10342,Balendra Sidhu,vamakshi57@example.com,7483609481,Dubai,2024-07-03
CUST-10343,Michael Comar,rajata08@example.com,8874180522,Sharjah,2024-07-16
CUST-10344,Janya Devan,iguha@example.org,6902918009,Abu Dhabi,2025-10-04
CUST-10345,Adya Basak,dayita05@example.org,02003381014,Abu Dhabi,2025-01-07
CUST-10346,Zayan Chatterjee,imarankohli@example.org,03141850753,Abu Dhabi,2026-02-17
CUST-10347,Urishilla Lanka,rushil48@example.com,8919157420,Sharjah,2025-11-27
CUST-10348,Aayush Sinha,bhavna36@example.com,9425027921,Ajman,2024-09-28
CUST-10349,Nihal Barad,deolyoshita@example.com,5423452623,Dubai,2025-09-06
CUST-10350,Bina Dasgupta,deoyashodhara@example.org,7250649478,Abu Dhabi,2024-08-22
CUST-10351,Liam Jha,chakradharkapadia@example.com,2120143647,Ajman,2025-09-25
CUST-10352,Nachiket Warrior,chandanicheema@example.com,+916479237314,Dubai,2025-04-29
CUST-10353,Arin Memon,adhaliwal@example.org,+919500916303,Sharjah,2025-09-14
CUST-10354,Damyanti Sane,darshchopra@example.net,8600048324,Ajman,2024-12-17
CUST-10355,Bishakha Ranganathan,dasxalak@example.net,1853604038,Sharjah,2024-12-02
CUST-10356,Amaira Aggarwal,daminimand@example.com,00241212774,Abu Dhabi,2024-09-11
CUST-10357,Neelima Swamy,chaudhurivaishnavi@example.org,5618667466,Dubai,2024-09-14
CUST-10358,Megha Nath,lsalvi@example.com,8501510810,Ajman,2025-08-02
CUST-10359,Nidra Ravi,ukaur@example.net,00803894685,Abu Dhabi,2024-09-16
CUST-10360,Advay Palla,amurthy@example.com,7472907546,Sharjah,2024-10-10
CUST-10361,Zayyan Gade,yogiaryan@example.org,01234716386,Dubai,2025-03-06
CUST-10362,Dalbir Handa,mmodi@example.org,5668016004,Ajman,2024-06-20
CUST-10363,Janaki Gole,kalemekhala@example.net,2763413384,Dubai,2025-09-19
CUST-10364,Pranit Mani,balaraagini@example.com,3153104345,Abu Dhabi,2026-02-05
CUST-10365,Aadhya Kari,hchahal@example.net,+918865888515,Sharjah,2024-11-28
CUST-10366,Pranav Lad,patilfarhan@example.com,01904807476,Sharjah,2024-02-27
CUST-10367,Aachal Parmer,gaurangjoshi@example.com,8935851159,Ajman,2025-02-27
CUST-10368,Vanya Prasad,gangulybanjeet@example.org,0030829340,Abu Dhabi,2026-02-01
CUST-10369,Darika Randhawa,imaran15@example.com,00802390548,Abu Dhabi,2024-10-31
CUST-10370,Raagini Mandal,munshiindali@example.net,+915617459144,Abu Dhabi,2025-08-10
CUST-10371,Isaac Varughese,mohini75@example.org,+918099253991,Ajman,2024-07-01
CUST-10372,Krish Raja,pandittanveer@example.com,+916099142781,Dubai,2024-10-03
CUST-10373,Faras Keer,eesha06@example.com,04118107896,Abu Dhabi,2025-12-28
CUST-10374,Maanav Mangal,dashadya@example.net,02518174696,Sharjah,2024-06-13
CUST-10375,Theodore Mistry,hmand@example.net,03770703968,Abu Dhabi,2024-12-11
CUST-10376,Aayush Sarin,krishchowdhury@example.com,+914379409768,Ajman,2024-08-24
CUST-10377,Praneel Rout,xbhatt@example.com,9079886278,Abu Dhabi,2024-12-10
CUST-10378,Ishani Lal,mekhala30@example.com,+913882933562,Abu Dhabi,2024-10-28
CUST-10379,Irya Panchal,netragour@example.net,6436075016,Ajman,2024-10-08
CUST-10380,Pavani Karan,jasmit55@example.com,+914702872718,Dubai,2024-08-28
CUST-10381,Samaksh Sastry,brinda99@example.com,4921227409,Ajman,2024-07-15
CUST-10382,Hiral Sengupta,udyatibanik@example.com,2974073355,Abu Dhabi,2025-03-13
CUST-10383,Manan Garg,kkarpe@example.org,+912774062002,Abu Dhabi,2025-06-04
CUST-10384,Kashvi Badami,mangalhemani@example.org,5335921811,Abu Dhabi,2024-11-21
CUST-10385,Eiravati Rao,aishanimishra@example.com,+910169710393,Ajman,2025-02-28
CUST-10386,Chakradhar Talwar,bina88@example.net,4888286933,Sharjah,2024-06-21
CUST-10387,Aarini Yohannan,paijason@example.org,8862629903,Dubai,2025-12-11
CUST-10388,Aishani Kant,chakradev32@example.org,+913104647134,Dubai,2025-07-07
CUST-10389,Yamini Kala,orana@example.com,7053789048,Ajman,2026-02-11
CUST-10390,Imaran Ahuja,sdhaliwal@example.org,+913345591534,Sharjah,2025-02-28
CUST-10391,Dipta Pillai,aminhas@example.com,+911635426867,Ajman,2024-03-08
CUST-10392,Vinaya Thakkar,ubhatnagar@example.com,4774098685,Dubai,2025-11-06
CUST-10393,Kabir Wadhwa,lakshitchaudhuri@example.com,02803290142,Ajman,2024-11-11
CUST-10394,Ekbal Bail,cpradhan@example.com,+917950158856,Ajman,2025-01-01
CUST-10395,Ekaja Hayer,yatanhalder@example.net,+913023551227,Sharjah,2025-07-11
CUST-10396,Ucchal Tripathi,santaradhana@example.org,5235060567,Ajman,2025-03-25
CUST-10397,Charan Khare,malhotraeshana@example.net,08079934951,Ajman,2025-03-02
CUST-10398,Indrajit Jha,jjohal@example.com,5215759886,Abu Dhabi,2024-08-10
CUST-10399,Janya Atwal,oakwahab@example.com,1005251527,Sharjah,2024-06-03
CUST-10400,Manan Kumer,udyati30@example.net,01024113050,Dubai,2024-09-22
CUST-10401,Saumya Bains,tsankaran@example.net,08908965606,Dubai,2024-07-25
CUST-10402,Neel Shanker,yachana08@example.org,09279514912,Abu Dhabi,2025-09-07
CUST-10403,Lila More,narulanetra@example.net,2667530521,Ajman,2025-05-02
CUST-10404,Harsh Nagy,kdua@example.org,00768860460,Sharjah,2025-02-08
CUST-10405,Aarush Shroff,nishanadkarni@example.org,+911262617808,Sharjah,2024-06-25
CUST-10406,Libni Hans,kritika27@example.net,04927863816,Sharjah,2025-05-25
CUST-10407,Nicholas Raj,udyati07@example.com,+910115239227,Sharjah,2024-06-18
CUST-10408,Gunbir Sheth,imaran78@example.net,3729412620,Dubai,2024-06-01
CUST-10409,Ikbal Kaur,sidhuekavir@example.net,+917025967387,Dubai,2026-01-02
CUST-10410,Vasudha Bhatnagar,quppal@example.com,+910215052486,Sharjah,2024-07-09
CUST-10411,Pranav Parikh,saksham76@example.net,+918596715068,Dubai,2024-08-26
CUST-10412,Charvi Ben,vdugal@example.com,08422259236,Abu Dhabi,2025-08-22
CUST-10413,Gayathri Nayak,divya21@example.com,4642158128,Abu Dhabi,2024-05-23
CUST-10414,Om Parmer,zehaan40@example.net,04928733073,Sharjah,2024-09-16
CUST-10415,Parth Sahota,manan46@example.org,7501243149,Abu Dhabi,2024-04-11
CUST-10416,Pratyush Lall,hmutti@example.com,9930726371,Dubai,2026-01-01
CUST-10417,Lekha Balay,borraabha@example.com,+913693925526,Dubai,2024-12-17
CUST-10418,Rajata Chad,ekbaloak@example.com,05207389610,Ajman,2026-02-18
CUST-10419,Faras Grover,qabil82@example.com,03643233548,Ajman,2025-11-27
CUST-10420,Manya Manne,rtaneja@example.com,07501621174,Dubai,2025-10-22
CUST-10421,Zayyan Prabhakar,patrick96@example.com,1828590490,Ajman,2024-03-31
CUST-10422,Oni Bajaj,vincent51@example.com,04357563895,Ajman,2024-12-09
CUST-10423,Wazir Deol,paiqarin@example.net,7585494746,Ajman,2025-06-28
CUST-10424,Liam Pal,lilasengupta@example.org,4729981503,Sharjah,2025-12-18
CUST-10425,Ekani Chand,bhargavajanani@example.org,+914412868853,Dubai,2024-09-10
CUST-10426,Thomas Walia,samarkohli@example.org,+918079138300,Abu Dhabi,2024-04-23
CUST-10427,Yashasvi Wagle,chameli64@example.com,7314447542,Sharjah,2025-10-29
CUST-10428,Lipika Radhakrishnan,iyengarlekha@example.net,06126415793,Dubai,2025-02-19
CUST-10429,Abeer Karan,dharekapad@example.net,3436486169,Ajman,2025-03-13
CUST-10430,Ekapad Nadkarni,janya65@example.net,+913681671440,Ajman,2025-06-30
CUST-10431,Raksha Singhal,jagviraj@example.com,08225790518,Sharjah,2024-05-18
CUST-10432,Praneel Bora,zwason@example.com,05671679601,Dubai,2024-05-26
CUST-10433,Samuel Saraf,ssetty@example.net,00526431211,Dubai,2025-03-27
CUST-10434,Aditya Badami,abhimanyu97@example.org,06673339032,Dubai,2025-11-04
CUST-10435,Ronith Khare,dhruvdugar@example.net,04336447565,Sharjah,2025-11-08
CUST-10436,Reva Chander,yatandubey@example.com,+916532825098,Sharjah,2024-08-02
CUST-10437,Qushi Mander,egarg@example.com,+916248188745,Abu Dhabi,2025-08-22
CUST-10438,Max Batra,ishani40@example.org,+916269885404,Abu Dhabi,2025-03-20
CUST-10439,Fariq Parikh,echandran@example.com,3144372877,Ajman,2025-03-01
CUST-10440,Jagvi Sami,hardikwalia@example.com,04718002882,Dubai,2025-12-29
CUST-10441,Ayaan Rajan,dkhanna@example.org,08434170679,Abu Dhabi,2025-03-26
CUST-10442,Lipika Subramaniam,tdave@example.org,07684539169,Dubai,2026-01-24
CUST-10443,Dalaja Goda,abdul42@example.org,05606585367,Dubai,2025-07-11
CUST-10444,Ryan Bajwa,omisha63@example.org,04865312525,Sharjah,2026-01-22
CUST-10445,Kavya Bera,dalianiharika@example.net,0464239218,Ajman,2024-05-19
CUST-10446,Samesh Bhasin,watika56@example.com,+914704645463,Ajman,2024-03-05
CUST-10447,Dayita Mani,wakeetachokshi@example.org,05193877140,Dubai,2025-11-19
CUST-10448,Veda Dutta,abail@example.com,9221508435,Ajman,2025-07-16
CUST-10449,Yug Dutt,sswaminathan@example.net,4663419935,Sharjah,2025-09-27
CUST-10450,Gauri Balakrishnan,buchliam@example.net,7611662104,Sharjah,2025-03-06
CUST-10451,Aryan Chaudhary,qnazareth@example.net,05615307281,Abu Dhabi,2025-08-31
CUST-10452,Patrick Nayar,goyalmax@example.com,08370139899,Dubai,2025-03-30
CUST-10453,Yoshita Sanghvi,bhallaishanvi@example.org,09645418450,Dubai,2024-06-17
CUST-10454,Advay Buch,chanakya25@example.org,+916227449131,Ajman,2025-09-15
CUST-10455,Timothy Parsa,anya82@example.org,3832256365,Sharjah,2025-05-13
CUST-10456,Kashvi Rao,victor25@example.com,07659020327,Sharjah,2024-06-28
CUST-10457,Jyoti Naidu,usarma@example.org,4683372937,Abu Dhabi,2024-08-02
CUST-10458,Leela Bawa,zranganathan@example.org,+917968923263,Sharjah,2024-10-08
CUST-10459,Madhavi Nayar,srivastavadayita@example.com,5167415651,Abu Dhabi,2025-05-25
CUST-10460,Mohini Deshmukh,mitterpriya@example.com,+914153065152,Abu Dhabi,2024-06-13
CUST-10461,Leela Vasa,mchacko@example.com,+912877776701,Abu Dhabi,2024-10-16
CUST-10462,Rehaan Raval,jalsadyal@example.net,+914075601928,Sharjah,2025-08-31
CUST-10463,Amol Sehgal,akonda@example.com,07405918173,Ajman,2024-12-25
CUST-10464,Dhriti Wadhwa,leena74@example.net,+913347350821,Dubai,2024-11-28
CUST-10465,Abdul Bath,dalaljagdish@example.net,8037089818,Sharjah,2025-06-13
CUST-10466,Daksha Kapoor,ladosha@example.com,+914525060567,Sharjah,2025-01-07
CUST-10467,Ansh Mani,brijesh49@example.com,+916006348922,Abu Dhabi,2024-11-27
CUST-10468,Lajita Mall,vchaudhary@example.net,1606905845,Sharjah,2025-02-05
CUST-10469,Tarak Bajaj,harshil42@example.net,04909046267,Ajman,2025-11-30
CUST-10470,Dominic Shah,leela48@example.com,02788892174,Abu Dhabi,2024-10-15
CUST-10471,Harinakshi Srivastava,bishakhavarkey@example.com,01770785314,Ajman,2025-12-21
CUST-10472,Kashvi Gulati,yatindash@example.net,04325401817,Sharjah,2024-07-31
CUST-10473,Alexander Parmar,onveerlad@example.org,06259360944,Ajman,2024-04-19
CUST-10474,Hredhaan Mahal,wbasak@example.net,3039778949,Dubai,2024-03-10
CUST-10475,Jagrati Chada,edash@example.org,03203907521,Sharjah,2024-07-30
CUST-10476,Chavvi Brar,rayaan36@example.org,+910340600795,Ajman,2025-06-20
CUST-10477,Ekavir Bal,jagatpau@example.com,06081533468,Abu Dhabi,2024-04-18
CUST-10478,Jatin Palla,patilanusha@example.com,05020008440,Abu Dhabi,2025-06-18
CUST-10479,Baljiwan Shukla,thakuryug@example.org,2528497379,Dubai,2024-10-05
CUST-10480,Harrison Chana,jasonverma@example.com,+919087412831,Abu Dhabi,2025-11-28
CUST-10481,Triya Seshadri,deourishilla@example.org,+913957777721,Dubai,2026-01-16
CUST-10482,Lavanya Nayak,nagiharrison@example.net,+912023191299,Sharjah,2025-01-31
CUST-10483,Ishaan Toor,irama@example.org,+917614732852,Sharjah,2025-05-21
CUST-10484,Vasatika Konda,udarshmammen@example.net,+917855066082,Ajman,2024-10-17
CUST-10485,Ekbal Hora,zansikaran@example.net,04236956523,Dubai,2025-12-12
CUST-10486,Varsha Bava,calebbir@example.net,2865370891,Ajman,2024-09-20
CUST-10487,Azaan Sehgal,srai@example.org,+912266998810,Sharjah,2024-08-18
CUST-10488,Abhimanyu Murty,inaya98@example.org,08469034287,Sharjah,2024-09-20
CUST-10489,Leela Iyer,ramakrishnanrohan@example.org,05000866606,Sharjah,2025-07-04
CUST-10490,Christopher Hayre,lkaul@example.org,3805267705,Dubai,2024-12-21
CUST-10491,Amruta Krishna,miteshdatta@example.com,+911636154082,Sharjah,2025-11-08
CUST-10492,Indali Muni,brindadeo@example.net,05937896851,Abu Dhabi,2024-08-02
CUST-10493,Chaman Oza,goelyashvi@example.net,8535545272,Abu Dhabi,2024-04-07
CUST-10494,Anmol Sachar,ukulkarni@example.net,+912826526647,Sharjah,2024-06-29
CUST-10495,Henry Dhar,chakradev43@example.org,7799674340,Dubai,2025-02-07
CUST-10496,Abhimanyu Butala,bhalder@example.net,9792197914,Dubai,2024-03-11
CUST-10497,Dominic Kapur,fiyazdubey@example.net,02814879492,Ajman,2025-09-17
CUST-10498,Nakul Walia,wriddhish04@example.org,09371135568,Sharjah,2025-05-12
CUST-10499,Xiti Cheema,fnarayanan@example.org,05406455356,Dubai,2025-11-10
